dataset,weight,surface_date_count,tenor_count,observations,base_mae_mean,bridge_mae_mean,bridge_minus_base_mae_mean
etf_future_realized_vol,0.0,3,3,12,0.04283631699607155,0.04283631699607155,0.0
etf_future_realized_vol,0.1,3,3,12,0.04283631699607155,0.04328745329929765,0.0004511363032261041
etf_future_realized_vol,0.25,3,3,12,0.04283631699607155,0.04396415775413681,0.0011278407580652637
etf_future_realized_vol,0.5,3,3,12,0.04283631699607155,0.047905705740729713,0.005069388744658156
etf_future_realized_vol,0.75,3,3,12,0.04283631699607155,0.05379049850470859,0.010954181508637043
etf_future_realized_vol,1.0,3,3,12,0.04283631699607155,0.05967529126868748,0.016838974272615926
stock_future_realized_vol,0.0,4,3,153980,0.15390544631040434,0.15390544631040434,0.0
stock_future_realized_vol,0.1,4,3,153980,0.15390544631040434,0.15309798760775922,-0.0008074587026451474
stock_future_realized_vol,0.25,4,3,153980,0.15390544631040434,0.15193313216176563,-0.001972314148638763
stock_future_realized_vol,0.5,4,3,153980,0.15390544631040434,0.1501295226660473,-0.003775923644357086
stock_future_realized_vol,0.75,4,3,153980,0.15390544631040434,0.14850721725775753,-0.005398229052646836
stock_future_realized_vol,1.0,4,3,153980,0.15390544631040434,0.14708366786122556,-0.006821778449178794
